Ortholog,Lib.No,Labels,Library,Mutation,Fitness change in PMH activity,Color
NDM1,1,Lib 1,N1,W93G (r1),55,#3B469F
NDM1,1,Lib 1,N1,W93G (r1),45,#3B469F
NDM1,1,Lib 1,N1,W93G (r1),40,#3B469F
NDM1,1,Lib 1,N1,"W93C (r1), K181Q",25,#3B469F
NDM1,1,Lib 1,N1,"M154T (r5), K276R",2.1,#3B469F
NDM1,1,Lib 1,N1,"M154T (r5), K276R",1.9,#3B469F
NDM1,1,Lib 1,N1,M154V (r5),1.6,#3B469F
NDM1,2,Lib 2,N2,"W93L (r1), N57D",28,#436CB0
NDM1,2,Lib 2,N2,"V113A, H133R",1.7,#436CB0
NDM1,2,Lib 2,N2,"V133A, H133R",1.5,#436CB0
NDM1,2,Lib 2,N2,"V133A, H133R",1.5,#436CB0
NDM1,2,Lib 2,N2,"M154V (r5), D212N",1.5,#436CB0
NDM1,3,Lib 3,N3,M154T (r5),2.7,#28A6D3
NDM1,3,Lib 3,N3,M154T (r5),2.3,#28A6D3
NDM1,3,Lib 3,N3,M154T (r5),2.3,#28A6D3
NDM1,3,Lib 3,N3,M154T (r5),2.3,#28A6D3
NDM1,3,Lib 3,N3,M154T (r5),2.2,#28A6D3
NDM1,3,Lib 3,N3,M154T (r5),1.9,#28A6D3
NDM1,3,Lib 3,N3,L148F,1.6,#28A6D3
VIM2,1,Lib 1,V1,"D68A, Q108H, P241Q, T263A (r5)",1.4,#106134
VIM2,1,Lib 1,V1,V72A (r1),1.5,#106134
VIM2,1,Lib 1,V1,"V41G (r6), S66P (r9), D68N",1.4,#106134
VIM2,1,Lib 1,V1,"D68A, Q108H, P241Q, T263A (r5)",1.4,#106134
VIM2,1,Lib 1,V1,"K107T, S202G (r4), E242K",1.4,#106134
VIM2,1,Lib 1,V1,"V41G (r6), S66P (r9), D68N",1.9,#106134
VIM2,2,Lib 2,V2,F67L (r2),1.4,#108246
VIM2,2,Lib 2,V2,F67L (r2),1.6,#108246
VIM2,2,Lib 2,V2,F67L (r2),1.6,#108246
VIM2,2,Lib 2,V2,V72A (r1),1.6,#108246
VIM2,2,Lib 2,V2,F67L (r2),1.4,#108246
VIM2,2,Lib 2,V2,F67L (r2),1.4,#108246
VIM2,2,Lib 2,V2,"Y73F, I79V",1.1,#108246
VIM2,2,Lib 2,V2,"R50Q, F67L (r2)",1.3,#108246
VIM2,3,Lib 3,V3,P157S,1.3,#9DB750
VIM2,3,Lib 3,V3,S202R (r4),1.4,#9DB750
VIM2,3,Lib 3,V3,V131A,0.9,#9DB750
VIM2,3,Lib 3,V3,D84G,1,#9DB750
VIM2,3,Lib 3,V3,"F67L (r2), I156T",1.3,#9DB750
VIM2,3,Lib 3,V3,"A100V, S144T",1.1,#9DB750
VIM2,3,Lib 3,V3,D68N,1.5,#9DB750
